,City,Lat,Lng,Max Temp,Humidity,Cloudiness,Wind Speed,Country,Date
0,Qaanaaq,77.484,-69.3632,38.07,76,59,2.01,GL,1624700297
1,Miles City,46.4083,-105.8406,58.17,62,75,3.44,US,1624700297
2,San Policarpo,12.1791,125.5072,83.39,72,100,2.21,PH,1624700298
3,Sitka,57.0531,-135.33,55.29,88,90,5.75,US,1624700298
4,Lebu,-37.6167,-73.65,43.77,81,6,7.63,CL,1624700299
5,Mar del Plata,-38.0023,-57.5575,49.12,60,90,3.0,AR,1624700099
6,Vaini,-21.2,-175.2,71.76,78,75,11.5,TO,1624700299
7,Saint George,37.1041,-113.5841,79.95,25,1,3.0,US,1624700227
8,Port Alfred,-33.5906,26.891,67.59,44,47,24.94,ZA,1624700300
9,Makueni Boma,-1.8041,37.6203,79.45,40,81,5.61,KE,1624700300
10,Hilo,19.7297,-155.09,74.93,85,90,4.61,US,1624700275
11,Muros,42.7762,-9.0603,73.17,68,100,6.89,ES,1624700301
12,Busselton,-33.65,115.3333,59.65,60,0,15.26,AU,1624700301
13,Kaitangata,-46.2817,169.8464,51.93,86,82,2.46,NZ,1624700301
14,Bluff,-46.6,168.3333,45.81,90,69,8.77,NZ,1624700302
15,Santa Isabel Rio Negro,-0.4139,-65.0192,70.18,99,51,1.9,BR,1624700302
16,Aljezur,37.3191,-8.8033,77.47,47,0,5.77,PT,1624700303
17,Rundu,-17.9333,19.7667,78.31,18,0,5.46,NA,1624700303
18,Pisco,-13.7,-76.2167,59.05,82,90,3.44,PE,1624700303
19,Barrow,71.2906,-156.7887,32.02,86,90,14.97,US,1624700304
20,Ponta do Sol,32.6667,-17.1,73.71,64,9,3.47,PT,1624700304
21,Saint Anthony,45.0205,-93.218,70.93,73,1,0.0,US,1624700305
22,Yar-Sale,66.8333,70.8333,58.69,40,24,10.29,RU,1624700305
23,São Filipe,14.8961,-24.4956,75.69,80,100,6.46,CV,1624700305
24,Rikitea,-23.1203,-134.9692,73.45,79,30,7.2,PF,1624700306
25,Ribeira Grande,38.5167,-28.7,66.6,88,40,6.91,PT,1624700306
26,Mataura,-46.1927,168.8643,45.48,99,98,2.59,NZ,1624700307
27,Ocampo,21.65,-101.5,54.5,93,57,4.65,MX,1624700307
28,Tabou,4.423,-7.3528,78.66,84,100,0.58,CI,1624700307
29,Bengkulu,-3.8004,102.2655,82.13,80,83,3.71,ID,1624700308
30,Upernavik,72.7868,-56.1549,38.7,79,100,9.17,GL,1624700308
31,Dekar,-21.5333,21.9333,74.95,20,0,5.84,BW,1624700309
32,Castro,-24.7911,-50.0119,56.17,97,86,6.08,BR,1624700309
33,Rūdbār,30.15,62.6,103.75,9,0,19.53,AF,1624700309
34,Tiznit Province,29.5833,-9.5,78.42,33,0,5.5,MA,1624700310
35,Ushuaia,-54.8,-68.3,40.66,70,40,13.8,AR,1624700310
36,Fortuna,40.5982,-124.1573,55.36,74,90,1.01,US,1624700310
37,Mineral Wells,32.8085,-98.1128,79.02,78,75,10.36,US,1624700311
38,Pangody,65.85,74.4859,60.98,35,6,12.95,RU,1624700311
39,Rocha,-34.4833,-54.3333,46.24,79,100,4.27,UY,1624700311
40,Los Llanos de Aridane,28.6585,-17.9182,66.13,76,75,12.66,ES,1624700312
41,Emba,48.8264,58.1442,93.34,26,13,12.62,KZ,1624700312
42,Kisesa,-3.0833,34.15,80.96,30,64,8.57,TZ,1624700313
43,Puerto Escondido,15.85,-97.0667,77.7,72,100,3.87,MX,1624700216
44,Butaritari,3.0707,172.7902,83.26,77,100,13.89,KI,1624700313
45,Dicabisagan,17.0818,122.4157,83.37,81,34,7.61,PH,1624700314
46,Panabá,21.2833,-88.2667,70.47,93,87,4.59,MX,1624700314
47,Hasaki,35.7333,140.8333,74.17,85,100,6.87,JP,1624700314
48,Abéché,13.8292,20.8324,98.62,24,0,11.5,TD,1624700315
49,Bozdar Wada,27.1828,68.636,100.47,12,0,11.3,PK,1624700315
50,Cayenne,4.9333,-52.3333,76.08,89,75,1.14,GF,1624700316
51,Imbituba,-28.24,-48.6703,62.82,90,9,12.3,BR,1624700316
52,Laguna,38.421,-121.4238,72.84,82,1,4.0,US,1624700316
53,Newport,51.5877,-2.9984,65.43,78,96,11.03,GB,1624700022
54,Shishou,29.7226,112.419,92.01,66,89,3.47,CN,1624700317
55,Biak,-0.9131,122.8766,78.39,82,86,3.62,ID,1624700317
56,Punta Arenas,-53.15,-70.9167,35.71,80,0,4.61,CL,1624700158
57,Tazovsky,67.4667,78.7,51.69,46,7,16.2,RU,1624700318
58,Hurghada,27.2574,33.8129,90.59,42,0,21.68,EG,1624700318
59,Jamestown,42.097,-79.2353,72.99,65,90,7.0,US,1624700098
60,Ankang,32.68,109.0172,70.66,97,100,0.65,CN,1624700319
61,Bethel,41.3712,-73.414,69.1,91,100,2.89,US,1624700319
62,Coahuayana Viejo,18.7333,-103.6833,75.31,83,100,5.44,MX,1624700319
63,Saint-Philippe,-21.3585,55.7679,78.35,80,47,12.39,RE,1624700320
64,Province of Mantua,45.1667,10.7833,85.33,56,2,5.99,IT,1624700320
65,Tuatapere,-46.1333,167.6833,45.82,95,95,3.98,NZ,1624700321
66,Thompson,55.7435,-97.8558,46.56,71,1,6.91,CA,1624700321
67,Marovoay,-16.1,46.6333,87.94,29,0,3.89,MG,1624700321
68,Tuktoyaktuk,69.4541,-133.0374,34.11,93,100,9.06,CA,1624700322
69,Taoudenni,22.6783,-3.9836,106.99,11,54,9.95,ML,1624700322
70,Okhotsk,59.3833,143.3,58.64,70,8,5.5,RU,1624700323
71,Beringovskiy,63.05,179.3167,42.22,68,28,7.45,RU,1624700323
72,Saldanha,-33.0117,17.9442,59.05,63,100,9.26,ZA,1624700323
73,Todos Santos,23.45,-110.2167,81.75,79,95,4.59,MX,1624700324
74,Cidreira,-30.1811,-50.2056,59.65,86,80,18.54,BR,1624700324
75,Kiryat Gat,31.61,34.7642,91.4,41,0,13.02,IL,1624700165
76,Torbay,47.6666,-52.7314,57.58,94,75,16.11,CA,1624700128
77,Bonthe,7.5264,-12.505,75.97,88,100,5.55,SL,1624700325
78,Atuona,-9.8,-139.0333,78.73,78,21,17.76,PF,1624700326
79,Amapá,1.0,-52.0,68.94,99,34,1.01,BR,1624700326
80,Linguère,15.3953,-15.1193,79.02,83,0,4.61,SN,1624700326
81,Eilat,29.5581,34.9482,96.42,25,0,8.05,IL,1624700327
82,Carnarvon,-24.8667,113.6333,66.27,34,98,8.05,AU,1624700327
83,Saint Paul Harbor,57.79,-152.4072,47.71,93,90,13.8,US,1624700327
84,Tiksi,71.6872,128.8694,38.46,77,62,6.98,RU,1624700328
85,Conceição da Barra,-18.5933,-39.7322,70.12,80,94,3.31,BR,1624700328
86,Te Anau,-45.4167,167.7167,47.61,93,100,1.57,NZ,1624700329
87,Meridian,43.6121,-116.3915,71.92,56,1,1.01,US,1624700113
88,Dogondoutchi,13.6393,4.0287,94.23,33,53,4.9,NE,1624700329
89,Hithadhoo,-0.6,73.0833,82.18,73,99,10.63,MV,1624700330
90,Yellowknife,62.456,-114.3525,54.12,87,75,3.44,CA,1624700330
91,Tasiilaq,65.6145,-37.6368,53.76,59,51,4.65,GL,1624700330
92,Khatanga,71.9667,102.5,53.19,40,88,8.28,RU,1624700331
93,Arlit,18.7369,7.3853,104.94,11,49,11.32,NE,1624700331
94,Albany,42.6001,-73.9662,68.54,88,100,4.45,US,1624700331
95,Rio Grande,-32.035,-52.0986,57.49,84,100,13.15,BR,1624700332
96,Narsaq,60.9167,-46.05,46.62,94,100,2.64,GL,1624700332
97,Puerto Quijarro,-17.7833,-57.7667,66.36,65,28,1.59,BO,1624700333
98,Oussouye,12.485,-16.5469,84.29,66,97,2.91,SN,1624700333
99,Codrington,-38.2667,141.9667,51.64,82,100,15.82,AU,1624700333
100,Kathu,7.9178,98.3332,86.7,75,38,9.15,TH,1624700334
101,Moura,38.1401,-7.4486,69.91,28,1,8.34,PT,1624700334
102,Wewak,-3.5534,143.6268,78.84,86,80,5.12,PG,1624700334
103,Portland,45.5234,-122.6762,76.21,73,1,3.44,US,1624699815
104,Sovetskiy,61.3614,63.5842,58.93,71,100,1.32,RU,1624700335
105,Kirillov,59.863,38.3813,85.93,38,39,9.08,RU,1624700335
106,Kapaa,22.0752,-159.319,80.92,80,90,4.61,US,1624700336
107,Bhag,29.0415,67.8239,110.55,17,0,11.21,PK,1624700336
108,Nueva Concepción,14.2,-91.3,78.46,84,100,2.48,GT,1624700337
109,Resistencia,-27.4606,-58.9839,60.06,95,90,2.3,AR,1624700327
110,East London,-33.0153,27.9116,68.94,32,0,17.27,ZA,1624700337
111,Tabas,33.5959,56.9244,98.83,10,0,15.05,IR,1624700337
112,Cape Town,-33.9258,18.4232,61.88,54,75,5.99,ZA,1624700338
113,Cherëmukhovo,60.3484,59.9851,68.97,83,45,7.4,RU,1624700338
114,Córdoba,-31.4135,-64.1811,48.42,84,90,7.0,AR,1624700152
115,Cherskiy,68.75,161.3,67.69,40,66,2.82,RU,1624700339
116,Boa Vista,2.8197,-60.6733,76.98,88,75,4.61,BR,1624700339
117,Port Elizabeth,-33.918,25.5701,67.1,55,20,14.97,ZA,1624700340
118,Armidale,-30.5167,151.65,35.82,92,5,3.69,AU,1624700340
119,Nuuk,64.1835,-51.7216,41.61,93,90,17.27,GL,1624700341
120,Grover Beach,35.1216,-120.6213,62.13,82,90,1.01,US,1624700341
121,Benguela,-12.5763,13.4055,80.96,57,52,5.59,AO,1624700341
122,Bambous Virieux,-20.3428,57.7575,74.21,88,75,16.11,MU,1624700342
123,Dikson,73.5069,80.5464,31.91,92,21,5.75,RU,1624700342
124,New Norfolk,-42.7826,147.0587,52.57,72,94,5.41,AU,1624700343
125,Marrakesh,31.6315,-8.0083,77.07,57,0,2.3,MA,1624700104
126,Mana,5.6592,-53.7767,75.79,89,18,6.55,GF,1624700343
127,Saskylakh,71.9167,114.0833,44.46,70,100,6.04,RU,1624700344
128,Santa Cruz de la Sierra,-17.8,-63.1667,71.06,100,75,17.27,BO,1624700344
129,George Town,5.4112,100.3354,89.55,65,40,1.01,MY,1624700094
130,Piteå,65.3172,21.4794,69.1,47,52,4.21,SE,1624700345
131,Cheney,47.4874,-117.5758,68.34,69,0,2.19,US,1624700345
132,Carmelo,-33.9892,-58.2856,51.17,90,91,5.35,UY,1624700056
133,Haines Junction,60.7522,-137.5108,42.75,93,97,1.14,CA,1624700346
134,Kaseda-shirakame,31.4167,130.3167,74.43,76,100,14.56,JP,1624700346
135,Kastamonu Province,41.5,33.6667,74.05,59,65,7.9,TR,1624700347
136,Santa Marta,11.2408,-74.199,81.99,77,100,3.85,CO,1624700188
137,Aklavik,68.2191,-135.0107,47.12,82,99,10.58,CA,1624700347
138,Timrå,62.487,17.3257,65.91,59,90,4.61,SE,1624700348
139,Dunedin,-45.8742,170.5036,50.81,90,63,3.11,NZ,1624700348
140,Lanivtsi,49.8633,26.0908,67.82,87,100,7.14,UA,1624700349
141,Esperance,-33.8667,121.9,57.04,58,3,7.99,AU,1624700349
142,Mariehamn,60.0973,19.9348,66.06,77,20,10.36,AX,1624700350
143,Anloga,5.7947,0.8973,79.02,73,100,11.18,GH,1624700350
144,Awjilah,29.1081,21.2869,101.08,17,0,10.0,LY,1624700350
145,Scarborough,54.2797,-0.4044,59.79,82,49,1.01,GB,1624700351
146,Hobart,-42.8794,147.3294,52.92,68,75,5.01,AU,1624700351
147,Soe,-9.8607,124.284,68.25,85,45,5.64,ID,1624700351
148,Kosonsoy,41.2561,71.5508,82.96,17,0,6.46,UZ,1624700352
149,Avera,33.194,-82.5271,71.26,87,56,4.43,US,1624700352
150,Arraial do Cabo,-22.9661,-42.0278,69.66,88,0,8.05,BR,1624700353
151,Wilmington,34.2257,-77.9447,75.85,92,75,0.0,US,1624700243
152,Ayan,56.45,138.1667,52.09,81,16,12.68,RU,1624700353
153,Shimoda,34.6667,138.95,76.15,80,100,5.03,JP,1624700354
154,Khovd,48.0056,91.6419,69.76,19,88,10.54,MN,1624700354
155,Walvis Bay,-22.9575,14.5053,70.27,43,2,9.28,NA,1624700354
156,General Roca,-39.0333,-67.5833,39.56,54,0,10.18,AR,1624700355
157,Valparaíso,-33.0393,-71.6273,50.47,74,2,10.94,CL,1624700355
158,Berlevåg,70.8578,29.0864,48.27,69,58,16.58,NO,1624700356
159,Venado,22.9333,-101.0833,61.29,92,39,3.74,MX,1624700356
160,Ixtapa,20.7,-105.2,72.23,98,51,1.01,MX,1624700356
161,Road Town,18.4167,-64.6167,80.69,78,72,14.7,VG,1624700357
162,Geraldton,-28.7667,114.6,64.81,45,100,6.91,AU,1624700358
163,Marang,5.2056,103.2059,89.51,74,39,9.33,MY,1624700358
164,Kargil,34.5667,76.1,59.76,29,100,8.57,IN,1624700358
165,Chui,-33.6971,-53.4616,50.45,91,100,6.55,UY,1624700359
166,Lompoc,34.6391,-120.4579,60.01,78,90,5.75,US,1624700359
167,Puerto Ayora,-0.7393,-90.3518,71.55,92,80,1.99,EC,1624700359
168,Wanning,18.8003,110.3967,86.5,78,93,13.6,CN,1624700360
169,Nacala,-14.5428,40.6728,81.72,61,75,0.0,MZ,1624700360
170,Sakakah,29.9697,40.2064,105.37,6,0,15.14,SA,1624700172
171,Semporna,4.4818,118.6112,86.2,74,46,6.02,MY,1624700361
172,Cardonal,20.6,-99.1333,58.01,88,96,1.14,MX,1624700361
173,Padang,-0.9492,100.3543,86.05,87,98,5.08,ID,1624700362
174,Kyren,51.6828,102.1408,61.99,82,96,6.26,RU,1624700362
175,São José da Coroa Grande,-8.8978,-35.1478,74.17,74,93,8.97,BR,1624700362
176,Talnakh,69.4865,88.3972,51.19,53,99,27.36,RU,1624700363
177,Toguchin,55.2353,84.3858,62.89,68,100,10.49,RU,1624700363
178,Nakhon Phanom,17.3333,104.4167,91.2,77,100,4.54,TH,1624700364
179,Dalaba,10.7,-12.25,70.11,76,98,4.61,GN,1624700364
180,Ulaangom,49.9811,92.0667,69.96,34,76,10.18,MN,1624700364
181,Urusha,54.05,122.9,78.17,56,71,1.72,RU,1624700365
182,Sharjah city,25.3573,55.4033,111.54,17,0,13.8,AE,1624700341
183,Forsytheganj,52.6333,29.7333,82.67,55,100,4.09,BY,1624700365
184,Moose Factory,51.2585,-80.6094,46.4,87,1,6.91,CA,1624700366
185,Grindavik,63.8424,-22.4338,53.91,76,0,26.46,IS,1624700366
186,Burnie,-41.0667,145.9167,49.91,88,70,13.6,AU,1624700366
187,Dingle,10.9995,122.6711,80.71,83,100,3.56,PH,1624700367
188,Mnogovershinnyy,53.9353,139.9242,53.46,68,94,4.47,RU,1624700367
189,Hermanus,-34.4187,19.2345,59.81,67,61,24.14,ZA,1624700368
190,Taltal,-25.4,-70.4833,56.44,79,100,1.97,CL,1624700368
191,Gambēla,8.25,34.5833,91.51,42,99,3.22,ET,1624700368
192,Iqaluit,63.7506,-68.5145,35.33,93,90,15.99,CA,1624700369
193,Corinth,37.9407,22.9573,103.62,23,1,5.68,GR,1624700369
194,Seoul,37.5683,126.9778,78.37,63,40,8.05,KR,1624700117
195,Alta Floresta,-9.8756,-56.0861,69.33,76,67,2.44,BR,1624700370
196,Laurinburg,34.7741,-79.4628,73.02,94,90,3.44,US,1624700370
197,Arteaga,18.4667,-102.4167,60.53,91,100,2.39,MX,1624700370
198,Avarua,-21.2078,-159.775,73.45,68,20,19.57,CK,1624700371
199,Husavik,66.0449,-17.3389,60.71,46,0,6.02,IS,1624700371
200,Zhigansk,66.7697,123.3711,70.25,60,85,7.78,RU,1624700372
201,Brae,60.3964,-1.353,53.51,63,100,8.14,GB,1624700372
202,Abhā,18.2164,42.5053,87.62,6,0,5.75,SA,1624700372
203,Ryde,50.73,-1.1621,67.8,83,60,5.99,GB,1624700373
204,Lagoa,39.05,-27.9833,65.07,81,13,13.98,PT,1624700373
205,Koster,-25.863,26.8976,65.84,18,0,15.01,ZA,1624700374
206,Sur,22.5667,59.5289,102.15,32,0,10.51,OM,1624700374
207,Zheleznodorozhnyy,55.7503,38.0042,88.36,37,46,6.4,RU,1624700092
208,Santa Maria,-29.6842,-53.8069,51.1,100,90,5.75,BR,1624700152
209,Cochrane,51.1834,-114.4687,67.05,74,90,6.91,CA,1624700375
210,Nishihara,26.1842,127.7558,85.68,91,75,12.66,JP,1624700375
211,Umba,66.6871,34.3429,48.0,92,100,13.51,RU,1624700375
212,Houston,29.7633,-95.3633,81.99,84,1,4.0,US,1624700326
213,Champerico,14.3,-91.9167,82.35,75,100,7.56,GT,1624700376
214,Eureka,40.8021,-124.1637,55.63,95,32,1.01,US,1624700376
215,Viişoara,46.55,23.9167,80.6,61,20,3.0,RO,1624700377
216,Alekseyevsk,57.8406,108.3492,84.15,28,69,7.74,RU,1624700377
217,Kysyl-Syr,63.8986,122.7617,75.81,60,79,7.78,RU,1624700378
218,Buala,-8.145,159.5921,79.23,84,35,4.45,SB,1624700378
219,Severo-Kuril'sk,50.6789,156.125,43.23,93,68,14.5,RU,1624700378
220,Puerto Baquerizo Moreno,-0.9,-89.6,71.76,80,58,12.03,EC,1624700379
221,Jipijapa,-1.3333,-80.5833,67.33,89,76,3.56,EC,1624700379
222,Meulaboh,4.1363,96.1285,83.61,70,68,5.79,ID,1624700380
223,Māgadi,12.9667,77.2333,84.06,39,96,10.92,IN,1624700380
224,Clyde River,70.4692,-68.5914,34.03,100,90,16.11,CA,1624700380
225,Faanui,-16.4833,-151.75,81.54,67,7,12.8,PF,1624700381
226,Zhezkazgan,47.8043,67.7144,78.98,26,95,8.37,KZ,1624700381
227,Souillac,-20.5167,57.5167,74.35,88,75,16.11,MU,1624700381
228,Unaí,-16.3575,-46.9061,59.13,61,3,1.52,BR,1624700382
229,Dakar,14.6937,-17.4441,74.28,94,20,6.91,SN,1624700382
230,Ureki,41.9956,41.7786,84.63,77,90,11.61,GE,1624700383
231,Hamilton,39.1834,-84.5333,74.55,88,75,1.99,US,1624700033
232,Itoman,26.1247,127.6694,86.4,92,75,9.22,JP,1624700383
233,Cape Girardeau,37.3834,-89.7168,78.6,94,98,14.03,US,1624700384
234,Calbuco,-41.768,-73.1273,33.01,84,35,4.43,CL,1624700384
235,Russell,32.3502,-85.1999,71.31,92,7,4.81,US,1624700384
236,Marawi,7.9986,124.2928,70.97,94,80,1.92,PH,1624700385
237,Šibenik,43.7272,15.9058,91.06,30,0,11.01,HR,1624700385
238,Prince Rupert,54.3161,-130.3201,62.29,91,1,9.22,CA,1624700386
239,Alyangula,-13.8483,136.4192,71.47,78,85,8.05,AU,1624700386
240,Kamenka,51.3223,42.7678,89.47,44,65,4.63,RU,1624700386
241,Mersing,2.4312,103.8405,82.31,89,83,4.61,MY,1624700387
242,Söderhamn,61.3037,17.0592,68.99,61,71,8.7,SE,1624700387
243,Tokur,53.1333,132.9,51.31,89,95,4.68,RU,1624700387
244,Sirte,31.2089,16.5887,87.15,46,0,10.45,LY,1624700388
245,Belyy Yar,53.6039,91.3903,69.69,40,0,6.71,RU,1624700388
246,Jovellar,13.0695,123.5999,82.0,79,85,0.74,PH,1624700389
247,Warrnambool,-38.3833,142.4833,51.82,78,96,19.37,AU,1624700389
248,Port Moresby,-9.4431,147.1797,76.19,92,98,10.87,PG,1624700389
249,Krasnovishersk,60.4078,57.082,78.24,44,59,6.64,RU,1624700390
250,Mount Isa,-20.7333,139.5,58.77,47,0,9.22,AU,1624700390
251,Port Pirie,-33.1833,138.0167,53.69,65,34,0.67,AU,1624700391
252,Mt. Pleasant,32.7941,-79.8626,75.97,95,1,3.0,US,1624700262
253,Sinjār,36.3209,41.8754,101.43,9,0,10.58,IQ,1624700391
254,Nemuro,43.3236,145.575,66.63,91,40,10.47,JP,1624700392
255,São Gabriel da Cachoeira,-0.1303,-67.0892,69.6,99,46,1.12,BR,1624700392
256,Naze,28.3667,129.4833,76.12,88,100,5.57,JP,1624700392
257,Nova Olinda do Norte,-3.8881,-59.0942,70.88,97,14,1.3,BR,1624700393
258,Port Lincoln,-34.7333,135.8667,53.56,78,26,8.48,AU,1624700393
259,Wattegama,6.7989,81.4808,88.72,38,99,5.28,LK,1624700393
260,Vanimo,-2.6741,141.3028,78.84,83,100,4.88,PG,1624700394
261,Thayetmyo,19.3167,95.1833,87.17,68,83,8.66,MM,1624700394
262,Muli,2.9167,73.5667,82.98,74,53,13.53,MV,1624700395
263,Rawson,-43.3002,-65.1023,41.72,61,59,27.54,AR,1624700395
264,Airai,-8.9266,125.4092,60.94,94,80,3.69,TL,1624700395
265,Evansville,37.9748,-87.5558,76.19,82,1,3.0,US,1624700118
266,Mitsamiouli,-11.3847,43.2844,78.12,64,10,3.44,KM,1624700396
267,Rauma,61.1272,21.5113,69.84,79,91,9.53,FI,1624700396
268,Bumba,2.1833,22.4667,93.7,36,10,2.17,CD,1624700397
269,Half Moon Bay,37.4636,-122.4286,62.06,89,90,3.44,US,1624700397
270,Quanzhou,24.9139,118.5858,82.35,84,98,12.62,CN,1624700397
271,Kahului,20.8947,-156.47,75.85,79,1,3.44,US,1624700398
272,Redmond,47.674,-122.1215,73.87,77,0,1.99,US,1624700394
273,Shakiso,5.75,38.9167,73.29,53,100,7.96,ET,1624700398
274,Yaan,7.3833,8.5667,76.08,89,100,8.19,NG,1624700399
275,Āsind,25.7333,74.3333,97.86,32,41,6.73,IN,1624700399
276,Bathsheba,13.2167,-59.5167,81.21,65,40,23.02,BB,1624700399
277,San Miguel de Tucumán,-26.8241,-65.2226,44.6,87,57,3.44,AR,1624700400
278,Tignère,7.3667,12.65,80.19,59,8,3.58,CM,1624700400
279,Hobyo,5.3505,48.5268,84.33,62,81,28.16,SO,1624700401
280,Tacoronte,28.4769,-16.4102,65.34,73,20,8.99,ES,1624700401
281,Franca,-20.5386,-47.4008,57.25,66,11,5.59,BR,1624700380
282,Muncie,40.1934,-85.3864,74.52,87,100,8.01,US,1624700372
283,Heide,54.2,9.1,73.18,68,94,0.87,DE,1624700403
284,Krasnosel'kup,65.7,82.4667,57.85,42,34,20.58,RU,1624700403
285,Liubar,49.9204,27.7592,75.34,81,64,9.64,UA,1624700403
286,Coyhaique,-45.5752,-72.0662,28.35,93,0,2.3,CL,1624700404
287,Vestmannaeyjar,63.4427,-20.2734,49.19,93,40,13.8,IS,1624700404
288,San Cristobal,7.7669,-72.225,63.21,90,81,1.92,VE,1624700405
289,Ilesha,7.1371,5.2583,73.36,96,100,1.95,NG,1624700405
290,Bilma,18.6853,12.9164,106.93,7,2,19.15,NE,1624700405
291,Kahuta,33.5913,73.3868,98.96,22,29,7.47,PK,1624700406
292,Kushmurun,52.4503,64.6311,82.83,32,99,5.1,KZ,1624700406
293,Lavrentiya,65.5833,-171.0,42.71,87,96,10.4,RU,1624700406
294,Saint Simons,31.1352,-81.3901,78.03,97,1,0.0,US,1624700407
295,Zhangye,38.9342,100.4517,86.5,27,7,6.53,CN,1624700408
296,Saurimo,-9.6608,20.3916,79.12,41,0,8.05,AO,1624700408
297,Peleduy,59.6289,112.7406,84.22,31,55,1.95,RU,1624700408
298,Sechura,-5.5569,-80.8222,64.13,84,14,9.19,PE,1624700409
299,Havre-St-Pierre,50.2334,-63.5986,59.59,94,90,5.75,CA,1624700409
300,Ankazobe,-18.3167,47.1167,68.41,36,1,2.75,MG,1624700409
301,Puri,19.8,85.85,82.92,66,90,10.65,IN,1624700410
302,Camacha,33.0833,-16.3333,65.62,60,75,8.05,PT,1624700410
303,Maxixe,-23.8597,35.3472,84.07,36,0,10.13,MZ,1624700411
304,Phan Thiet,10.9333,108.1,87.12,65,83,15.28,VN,1624700411
305,Şırnak,37.5228,42.4594,91.42,9,0,9.95,TR,1624700412
306,Evensk,61.95,159.2333,56.48,79,54,5.37,RU,1624700412
307,Xam Nua,20.4197,104.0439,79.39,73,96,2.91,LA,1624700412
308,Ambilobe,-13.2,49.05,87.87,31,5,1.52,MG,1624700413
309,Moa,20.6569,-74.9403,78.15,82,28,9.98,CU,1624700413
310,Tsaratanana,-16.7833,47.65,82.56,30,0,2.59,MG,1624700414
311,Hirara,24.8,125.2833,80.87,100,75,8.05,JP,1624700414
312,Mumbai,19.0144,72.8479,89.58,70,40,12.66,IN,1624700216
313,Humberto de Campos,-2.5983,-43.4611,74.73,93,31,3.83,BR,1624700414
314,Cabo San Lucas,22.8909,-109.9124,80.82,79,64,11.07,MX,1624700415
315,Rayevskiy,54.0658,54.9468,85.93,52,99,12.12,RU,1624700415
316,Kavieng,-2.5744,150.7967,82.27,75,9,8.95,PG,1624700416
317,Matara,5.9485,80.5353,81.21,81,100,14.45,LK,1624700416
318,Labuhan,-6.8844,112.2051,82.94,77,31,7.87,ID,1624700416
319,Tuyen Quang,21.8233,105.2181,94.82,53,57,4.5,VN,1624700417
320,Nehe,48.4833,124.8333,75.79,60,52,9.6,CN,1624700417
321,Pachino,36.7186,15.0907,102.24,49,73,9.73,IT,1624700417
322,Portsmouth,50.799,-1.0913,69.49,71,48,8.79,GB,1624700362
323,Sinnamary,5.3833,-52.95,76.48,88,24,8.79,GF,1624700418
324,Vilhena,-12.7406,-60.1458,64.96,67,21,3.15,BR,1624700418
325,Manokwari,-0.8667,134.0833,80.53,78,100,10.07,ID,1624700419
326,Plouzané,48.3833,-4.6167,57.52,86,75,3.44,FR,1624700419
327,Pandan,14.0453,124.1694,83.39,75,98,4.38,PH,1624700420
328,Kautokeino,69.0125,23.0412,52.57,53,97,7.83,NO,1624700420
329,Olbia,40.9214,9.4856,82.45,47,0,6.91,IT,1624700420
330,Sittwe,20.15,92.9,84.27,75,68,8.72,MM,1624700421
331,Bagdarin,54.4333,113.6,64.94,80,76,3.87,RU,1624700421
332,Yershov,51.3513,48.2766,93.36,33,90,3.98,RU,1624700422
333,Norman Wells,65.282,-126.8329,57.24,82,75,2.3,CA,1624700422
334,Cabedelo,-6.9811,-34.8339,70.47,80,11,15.35,BR,1624700422
335,Katangli,51.7102,143.2326,43.56,89,100,11.72,RU,1624700423
336,Longyearbyen,78.2186,15.6401,40.84,81,40,6.91,SJ,1624700423
337,Xining,36.6167,101.7667,68.95,60,97,5.3,CN,1624700424
338,Cravo Norte,6.3017,-70.2041,72.81,93,34,2.95,CO,1624700424
339,San Patricio,28.017,-97.5169,84.29,84,15,12.62,US,1624700424
340,Gamba,-2.65,10.0,77.52,76,100,6.44,GA,1624700425
341,Ranfurly,-45.1333,170.1,39.65,90,32,2.33,NZ,1624700425
342,Kainantu,-6.2887,145.8655,60.62,97,68,0.98,PG,1624700425
343,Fairbanks,64.8378,-147.7164,60.93,67,75,4.61,US,1624700177
344,Harper,4.375,-7.7169,79.21,81,99,1.3,LR,1624700426
345,Chaman,30.9236,66.4512,94.95,4,0,14.2,PK,1624700426
346,Chumikan,54.7183,135.315,43.59,93,100,2.68,RU,1624700427
347,Petropavlovsk-Kamchatskiy,53.0452,158.6483,52.39,71,75,6.71,RU,1624700427
348,Sioux Lookout,50.1001,-91.917,60.87,88,90,5.75,CA,1624700427
349,Sawākin,19.1059,37.3321,100.47,29,57,9.57,SD,1624700428
350,Verkhniye Kigi,55.4083,58.6044,81.48,56,75,9.31,RU,1624700428
351,Yulara,-25.2406,130.9889,55.24,44,0,8.05,AU,1624700429
352,Comodoro Rivadavia,-45.8667,-67.5,40.86,52,0,17.27,AR,1624700429
353,Poum,-20.2333,164.0167,74.64,77,98,17.94,NC,1624700429
354,Bam,29.106,58.357,95.25,10,0,17.58,IR,1624700430
355,Aketi,2.7388,23.7833,95.32,36,4,1.86,CD,1624700430
356,Ust'-Omchug,61.15,149.6333,66.25,50,42,0.83,RU,1624700236
357,Máncora,-4.1078,-81.0475,69.78,75,5,2.55,PE,1624700431
358,Puerto Maldonado,-12.6,-69.1833,72.32,72,80,2.01,PE,1624700431
359,Arroyo de la Encomienda,41.6096,-4.7969,78.73,40,0,11.5,ES,1624700432
360,Mora,11.0461,14.1401,90.99,30,31,6.2,CM,1624700432
361,Osoyoos,49.0331,-119.4524,80.74,57,1,2.3,CA,1624700432
362,Egvekinot,66.3167,-179.1667,43.05,53,31,2.84,RU,1624700433
363,Kirakira,-10.4544,161.9205,79.0,86,100,12.35,SB,1624700433
364,Aksu,41.1231,80.2644,90.66,13,4,7.81,CN,1624700434
365,Brooks,50.5834,-111.8851,59.63,88,92,2.3,CA,1624700434
366,Doka,13.5167,35.7667,89.33,39,95,8.75,SD,1624700435
367,Penzance,50.1186,-5.5371,58.77,87,20,5.75,GB,1624700435
368,Coffs Harbour,-30.3,153.1333,52.12,91,0,2.3,AU,1624700435
369,Yatou,37.15,122.3833,73.33,76,32,12.5,CN,1624700436
370,Nyurba,63.2842,118.3319,82.09,41,71,2.35,RU,1624700436
371,Saint-Leu,-21.15,55.2833,77.83,82,14,5.66,RE,1624700437
372,Salalah,17.0151,54.0924,86.09,74,75,14.97,OM,1624700433
373,Lábrea,-7.2586,-64.7981,70.63,93,78,2.3,BR,1624700437
374,Goderich,43.7501,-81.7165,69.21,94,94,10.36,CA,1624700190
375,Igrim,63.1906,64.4162,62.42,53,100,5.53,RU,1624700438
376,Sozopol,42.4167,27.7,73.74,62,54,1.72,BG,1624700438
377,Ciudad Guayana,8.3533,-62.6528,71.78,93,51,1.28,VE,1624700438
378,Nānākuli,21.3906,-158.1547,76.98,69,75,5.75,US,1624700439
379,Tomatlán,19.9333,-105.25,76.01,86,100,2.75,MX,1624700439
380,Coxim,-18.5067,-54.76,64.17,51,7,4.12,BR,1624700235
381,Kalemie,-5.9475,29.1947,80.53,50,31,12.06,CD,1624700440
382,Tyukhtet,56.5389,89.3011,58.23,81,100,10.85,RU,1624700440
383,Maniwaki,46.3834,-75.966,63.14,100,100,8.05,CA,1624700441
384,Blanquefort,44.9125,-0.6366,77.31,59,75,3.44,FR,1624700441
385,Vestmanna,62.1564,-7.1664,47.32,100,90,11.5,FO,1624700441
386,Suşehri,40.1644,38.0867,79.16,43,10,3.44,TR,1624700442
387,Zonguldak,41.25,31.8333,76.05,64,37,6.53,TR,1624700442
388,Udachny,66.4167,112.4,77.02,33,96,9.17,RU,1624700442
389,Nyrob,60.733,56.7202,78.31,40,45,7.31,RU,1624700443
390,Ancud,-41.8697,-73.8203,41.92,81,65,0.92,CL,1624700443
391,Ilulissat,69.2167,-51.1,41.02,87,90,8.05,GL,1624700444
392,Rockport,28.0206,-97.0544,85.01,84,40,3.0,US,1624700444
393,San Rafael del Sur,11.8485,-86.4384,73.98,88,58,4.94,NI,1624700444
394,Buin,-33.7333,-70.75,44.64,82,88,4.25,CL,1624700445
395,Nikolskoye,59.7035,30.7861,75.09,80,99,5.21,RU,1624700445
396,Cotuí,19.0527,-70.1494,77.18,98,100,0.25,DO,1624700445
397,Beidao,34.5686,105.8933,73.92,72,94,2.46,CN,1624700446
398,Maragogi,-9.0122,-35.2225,73.62,75,87,7.67,BR,1624700446
399,Mahdasht,35.7299,50.8111,94.86,12,0,9.22,IR,1624700447
400,Solnechnyy,50.7214,136.6319,60.22,98,100,2.08,RU,1624700447
401,Joensuu,62.6012,29.7632,73.89,73,94,3.0,FI,1624700447
402,Măgura,45.2667,26.5833,87.62,50,80,4.23,RO,1624700448
403,Okha,53.5739,142.9478,47.37,82,71,9.93,RU,1624700448
404,Novonikolayevskiy,50.9738,42.3649,89.94,39,85,4.54,RU,1624700448
405,Bredasdorp,-34.5322,20.0403,61.92,45,13,21.85,ZA,1624700449
406,Partūr,19.6,76.2167,87.22,53,100,10.87,IN,1624700449
407,Kruisfontein,-34.0033,24.7314,64.89,58,35,28.7,ZA,1624700450
408,Dalmeny,52.3334,-106.7679,60.53,82,20,9.22,CA,1624700450
409,Atambua,-9.1061,124.8925,75.7,83,65,2.15,ID,1624700450
410,Markala,13.7021,-6.0659,89.69,36,86,4.47,ML,1624700451
411,Presidencia Roque Sáenz Peña,-26.7852,-60.4388,59.7,94,100,2.95,AR,1624700451
412,Vardø,70.3705,31.1107,53.8,70,49,12.73,NO,1624700452
413,Inírida,3.8653,-67.9239,71.1,99,69,1.7,CO,1624700452
414,Bom Jesus da Lapa,-13.255,-43.4181,62.94,59,0,5.1,BR,1624700452
415,Deputatsky,69.3,139.9,75.83,35,100,2.28,RU,1624700453
416,Ponca City,36.707,-97.0856,72.09,96,20,5.01,US,1624700287
417,Monrovia,6.3005,-10.7969,76.77,82,100,4.94,LR,1624700391
418,Province of Brindisi,40.5833,17.6667,94.19,40,2,9.31,IT,1624700454
419,Sindor,62.8629,51.8905,72.99,48,78,4.54,RU,1624700454
420,Shelburne,44.0787,-80.2041,67.12,100,100,16.64,CA,1624700454
421,Belize,17.25,-88.75,81.25,99,93,2.1,BZ,1624700455
422,Sampit,-2.5333,112.95,82.63,75,37,5.86,ID,1624700455
423,Tilichiki,60.4667,166.1,50.76,83,100,0.34,RU,1624700455
424,Kavaratti,10.5669,72.642,83.44,70,15,17.2,IN,1624700456
425,Puerto Ayacucho,5.6639,-67.6236,73.36,91,92,2.04,VE,1624700456
426,Champagnole,46.7445,5.9135,68.56,60,91,4.47,FR,1624700457
427,Les Cayes,18.2,-73.75,76.87,81,89,4.16,HT,1624700457
428,Krasnyy Chikoy,50.3643,108.7512,83.1,35,6,2.33,RU,1624700457
429,Nālūt,30.3333,10.85,103.44,8,5,14.81,LY,1624700458
430,Gobabis,-22.45,18.9667,69.67,17,0,6.53,NA,1624700458
431,Srandakan,-7.9386,110.2506,61.74,86,76,8.99,ID,1624700459
432,Altea,38.5989,-0.0514,85.64,59,0,6.26,ES,1624700459
433,Broken Hill,-31.95,141.4333,47.91,81,40,0.0,AU,1624700459
434,Marystown,47.1666,-55.1483,55.27,81,65,6.91,CA,1624700460
435,Hong Kong,22.2855,114.1577,87.85,85,99,3.0,HK,1624700245
436,Nuevo Progreso,23.1667,-97.95,77.59,82,2,5.73,MX,1624700460
437,Ballina,-28.8667,153.5667,57.78,93,40,1.14,AU,1624700461
438,Lata,40.1629,-8.3327,80.49,45,0,6.64,PT,1624700461
439,Santa Luzia,-19.7697,-43.8514,58.28,91,0,6.91,BR,1624700461
440,Xenia,39.6848,-83.9296,73.81,87,1,8.05,US,1624700269
441,Brownwood,31.7093,-98.9912,78.57,84,0,18.63,US,1624700243
442,Nanortalik,60.1432,-45.2371,45.27,92,100,3.71,GL,1624700462
443,Klaksvík,62.2266,-6.589,49.12,85,42,17.09,FO,1624700463
444,Lesozavodsk,45.4794,133.4244,73.11,73,32,7.78,RU,1624700463
445,Port Shepstone,-30.7414,30.455,69.26,41,3,14.67,ZA,1624700463
446,Pasłęk,54.0616,19.6593,73.53,61,43,6.87,PL,1624700464
447,Vila Velha,-20.3297,-40.2925,60.75,100,20,4.61,BR,1624700435
448,Laas,46.6166,10.7002,70.36,53,27,2.95,IT,1624700464
449,Port-Gentil,-0.7193,8.7815,75.16,94,90,8.05,GA,1624700465
450,Pombas,17.1503,-25.0201,73.18,81,50,16.6,CV,1624700465
451,Anchorage,61.2181,-149.9003,56.66,75,75,4.0,US,1624700455
452,Northam,51.0333,-4.2167,62.67,72,100,10.96,GB,1624700466
453,College,64.8569,-147.8028,60.91,65,75,4.61,US,1624700179
454,Gimli,50.6336,-96.9907,59.05,94,65,8.05,CA,1624700466
455,Impfondo,1.6381,18.0667,95.67,34,7,2.62,CG,1624700467
456,Khartoum,15.5518,32.5324,106.02,24,51,1.01,SD,1624700379
457,Luba,3.4568,8.5547,84.09,84,100,3.11,GQ,1624700467
458,Slave Lake,55.2834,-114.769,60.78,88,75,2.3,CA,1624700468
459,Katsuura,35.1333,140.3,80.11,88,100,7.11,JP,1624700468
460,Ossora,59.2353,163.0719,48.56,92,66,6.53,RU,1624700468
461,Candolim,15.5181,73.7626,77.0,100,90,3.44,IN,1624700469
462,Aykhal,66.0,111.5,74.35,35,100,9.48,RU,1624700469
463,Jianhu,29.9799,120.5712,87.75,96,100,3.91,CN,1624700469
464,Senneterre,48.3835,-77.2328,64.62,100,100,3.91,CA,1624700470
465,Binga,-17.6203,27.3414,77.07,34,0,1.19,ZW,1624700470
466,Constitución,-35.3333,-72.4167,43.2,74,1,8.48,CL,1624700471
467,Kargasok,59.0556,80.8572,68.76,36,97,11.63,RU,1624700471
468,Kushima,31.4583,131.2333,75.24,82,100,9.33,JP,1624700471
469,Kloulklubed,7.0419,134.2556,77.5,68,100,6.93,PW,1624700472
470,Honggang,46.4667,124.8667,76.33,57,61,14.34,CN,1624700472
471,Pershotravneve,51.3929,28.8684,84.54,51,38,4.65,UA,1624700472
472,Kualakapuas,-3.0091,114.3876,80.76,76,47,4.21,ID,1624700473
473,Cruzília,-21.8386,-44.8083,54.43,89,18,3.69,BR,1624700473
474,Sungai Raya,0.7,108.9,81.91,82,32,4.54,ID,1624700474
475,Tallinn,59.437,24.7535,73.74,74,75,11.5,EE,1624700474
476,Ahipara,-35.1667,173.1667,60.62,88,100,11.25,NZ,1624700474
477,Khani,41.9563,42.9566,76.57,46,2,7.38,GE,1624700475
478,Aktobe,50.2797,57.2072,93.29,26,75,15.66,KZ,1624700475
479,Provideniya,64.3833,-173.3,42.22,89,100,12.21,RU,1624700476
480,Gejiu,23.306,103.1635,69.12,74,100,6.31,CN,1624700476
481,Lubango,-14.9172,13.4925,73.02,21,29,4.18,AO,1624700477
482,Lianyuan,27.6883,111.6642,88.84,72,100,3.96,CN,1624700477
483,Antalaha,-14.9003,50.2788,77.5,64,17,11.5,MG,1624700477
484,Dubovyy Umët,52.9763,50.2857,93.09,40,5,1.01,RU,1624700478
485,Usinsk,65.9939,57.5281,71.92,42,45,8.28,RU,1624700478
486,High Level,58.5169,-117.136,60.91,77,1,0.0,CA,1624700479
487,Kitob,39.0843,66.8332,91.98,13,0,9.91,UZ,1624700479
488,Kindu,-2.95,25.95,94.93,27,13,3.38,CD,1624700480
489,Turaif,31.6725,38.6637,98.85,20,0,4.61,SA,1624700480
490,Castelo do Piauí,-5.3222,-41.5525,73.94,56,62,3.44,BR,1624700480
491,Conde,-7.2597,-34.9075,69.26,88,0,10.36,BR,1624700481
492,Boden,65.8252,21.6886,64.4,39,30,2.57,SE,1624700481
493,Waipawa,-41.4122,175.5153,57.83,90,100,13.33,NZ,1624700481
494,Lumut,4.2323,100.6298,89.96,70,20,4.61,MY,1624700482
495,Tura,25.5198,90.2201,83.34,77,86,6.58,IN,1624700482
496,Bismarck,46.8083,-100.7837,60.64,95,1,4.61,US,1624700464
497,Conceição do Araguaia,-8.2578,-49.2647,69.93,94,0,5.75,BR,1624700483
498,Tual,-5.6667,132.75,81.27,78,100,18.99,ID,1624700483
499,Banepā,27.6298,85.5214,71.92,88,75,3.44,NP,1624700484
500,Międzychód,52.5988,15.897,73.67,47,32,6.82,PL,1624700484
501,Bandarbeyla,9.4942,50.8122,90.88,44,54,27.22,SO,1624700484
502,Port Hedland,-20.3167,118.5667,75.25,27,38,13.8,AU,1624700485
503,Lüderitz,-26.6481,15.1594,65.44,49,48,9.82,NA,1624700485
504,Vuktyl,63.8567,57.3094,70.52,56,66,5.3,RU,1624700486
505,Pontianak,-0.0333,109.3333,84.18,79,40,6.91,ID,1624700275
506,Beroroha,-21.6667,45.1667,83.61,23,0,2.06,MG,1624700486
507,Yarega,63.4354,53.5765,73.85,32,1,5.77,RU,1624700487
508,Caravelas,-17.7125,-39.2481,70.93,77,85,7.61,BR,1624700487
509,Morón,-34.6534,-58.6198,52.99,96,100,1.66,AR,1624700431
510,Araouane,18.9048,-3.5265,99.34,23,91,10.09,ML,1624700488
511,Yerbogachën,61.2767,108.0108,78.06,36,100,3.36,RU,1624700488
512,Serowe,-22.3833,26.7167,76.53,18,0,8.88,BW,1624700488
513,Asău,46.4333,26.4,81.75,71,90,2.82,RO,1624700489
514,Mount Gambier,-37.8333,140.7667,51.71,93,90,13.8,AU,1624700489
515,Yeniseysk,58.4497,92.1703,58.21,94,99,9.1,RU,1624700490
516,Coachella,33.6803,-116.1739,92.35,18,1,18.01,US,1624700490
517,Pacific Grove,36.6177,-121.9166,60.76,90,90,1.99,US,1624700490
518,Hualmay,-11.0964,-77.6139,61.23,88,86,8.28,PE,1624700491
519,Den Helder,52.9599,4.7593,72.99,85,90,5.99,NL,1624700491
520,Kamyshlov,56.8428,62.7111,72.07,84,100,4.65,RU,1624700492
521,Butembo,0.15,29.2833,78.39,36,84,3.27,CD,1624700492
522,Noumea,-22.2763,166.4572,73.99,99,64,10.31,NC,1624700492
523,Dāhānu,19.9667,72.7333,86.23,70,45,13.89,IN,1624700493
524,Qianjiang,30.4151,112.8859,83.07,83,100,9.31,CN,1624700493
525,Vertou,47.1687,-1.4693,64.06,82,90,5.75,FR,1624700494
526,Villarrica,-25.75,-56.4333,66.97,77,90,5.17,PY,1624700494
527,Yagodnoye,62.55,149.6667,67.86,47,44,5.59,RU,1624700494
528,Zeya,53.75,127.2667,75.96,73,29,2.95,RU,1624700495
529,Teguise,29.0605,-13.564,68.22,73,20,11.5,ES,1624700495
530,Barcelos,41.5388,-8.6151,78.28,55,8,7.02,PT,1624700393
531,Guerrero Negro,27.9769,-114.0611,62.47,94,10,8.52,MX,1624700496
532,Vanavara,60.34,102.2797,56.3,89,97,7.14,RU,1624700496
533,Tromsø,69.6496,18.957,56.05,71,75,8.05,NO,1624700496
534,Olavarría,-36.8927,-60.3225,43.43,93,100,4.79,AR,1624700497
535,Manaure,11.7751,-72.4445,78.3,83,74,7.65,CO,1624700497
536,Dombås,62.0696,9.1235,63.95,67,100,2.77,NO,1624700498
537,Birao,10.2849,22.7882,95.09,40,42,4.74,CF,1624700498
538,Tigil',57.8,158.6667,50.54,84,90,4.38,RU,1624700498
539,Christchurch,-43.5333,172.6333,51.33,91,75,4.61,NZ,1624700297
540,Kaohsiung City,22.6163,120.3133,84.09,83,75,3.0,TW,1624700499
541,Praia,14.9215,-23.5087,73.94,83,40,20.71,CV,1624700499
542,Matagami,49.7502,-77.6328,60.91,100,90,0.0,CA,1624700500
543,Vao,-22.6667,167.4833,72.34,72,51,23.42,NC,1624700500
544,Cedar City,37.6775,-113.0619,70.77,28,20,8.05,US,1624700283
545,Mossamedes,-15.1961,12.1522,80.22,45,24,6.91,AO,1624700501
546,Ust'-Karsk,52.7011,118.8077,80.74,52,97,2.93,RU,1624700501
547,Rāwah,34.4816,41.9093,106.75,10,0,1.52,IQ,1624700501
548,Teya,60.3778,92.6267,54.01,95,100,4.74,RU,1624700502
549,Camabatela,-8.1881,15.375,83.1,27,12,5.08,AO,1624700502
550,Abu Samrah,35.3029,37.1841,95.61,18,0,8.93,SY,1624700502
551,Filingué,14.3521,3.3168,97.2,28,36,6.22,NE,1624700503
552,Bairiki Village,1.3292,172.9752,84.2,74,75,13.8,KI,1624700503
553,Vostok,46.4856,135.8833,70.39,66,69,3.76,RU,1624700504
554,Poya,-21.35,165.15,72.3,76,82,5.44,NC,1624700504
555,Pámfila,39.1567,26.5217,92.97,58,20,3.44,GR,1624700504
556,Sun City West,33.662,-112.3413,88.86,21,0,1.01,US,1624700505
557,Ous,60.9058,61.5186,70.88,59,82,3.94,RU,1624700505
558,Hofn,64.2539,-15.2082,54.7,58,0,9.6,IS,1624700505
559,Sennar,13.5691,33.5672,97.9,24,66,8.57,SD,1624700506
560,Yoichi,43.2039,140.7703,71.64,80,54,2.55,JP,1624700506
561,Staraya Poltavka,50.4772,46.4814,95.04,32,96,9.04,RU,1624700507
562,Clearwater,27.9659,-82.8001,75.96,88,40,5.01,US,1624700332
563,Yaguajay,22.3272,-79.2378,75.25,89,90,7.16,CU,1624700507
564,Cacoal,-11.4386,-61.4472,66.33,68,32,2.48,BR,1624700507
565,Broome,42.2506,-75.833,68.5,84,1,1.01,US,1624700508
566,Marsh Harbour,26.5412,-77.0636,80.85,76,9,17.63,BS,1624700508
567,Saint-François,46.4154,3.9054,73.47,64,0,3.44,FR,1624700509
568,Ponta Delgada,37.7333,-25.6667,65.12,94,75,6.91,PT,1624700509
569,Margate,51.3813,1.3862,67.95,71,23,6.13,GB,1624700509
570,Mobaye,4.319,21.1786,93.11,41,4,1.14,CF,1624700510
571,Ostrovnoy,68.0531,39.5131,45.28,93,100,10.18,RU,1624700510
572,Port Macquarie,-31.4333,152.9167,53.89,67,0,7.58,AU,1624700510
573,Anori,-3.7728,-61.6442,70.68,99,44,1.48,BR,1624700511
574,Pevek,69.7008,170.3133,39.79,56,34,1.25,RU,1624700511
575,Alice Springs,-23.7,133.8833,51.35,50,0,8.05,AU,1624700512
576,La Libertad,-2.2333,-80.9,69.82,83,99,9.08,EC,1624700512
577,Teeli,51.0333,90.2333,64.49,45,100,5.99,RU,1624700513
578,Tulagi,-9.0996,160.1476,81.48,80,92,23.73,SB,1624700514
579,Nome,64.5011,-165.4064,55.47,72,90,11.5,US,1624700514
580,Mapiripán,2.8892,-72.1256,69.96,97,30,1.88,CO,1624700515
581,Florianópolis,-27.6146,-48.5012,63.63,87,75,4.61,BR,1624700329
582,Pemangkat,1.1667,108.9667,83.68,72,19,6.22,ID,1624700481
583,Caibarién,22.5206,-79.4669,74.52,86,83,7.78,CU,1624700516
584,Feicheng,35.2606,117.9675,84.96,54,81,11.36,CN,1624700516
585,Kyzyl-Suu,42.3414,78.0056,66.38,43,2,6.62,KG,1624700516
586,Bonnyville,54.2668,-110.735,58.8,79,74,2.82,CA,1624700517
587,Manali,13.1667,80.2667,93.29,61,79,5.75,IN,1624700517
588,Kristinestad,62.2743,21.376,67.64,57,72,13.02,FI,1624700518
589,Khanbari,27.3747,87.2039,82.94,74,75,5.06,NP,1624700518
590,Sain Alto,23.5833,-103.25,63.0,70,5,4.63,MX,1624700519
